コースID,コース名,学科ID
SI,ITスペシャリストコース,1
SN,ネットワークセキュリティコース,1
SP,ゲームプランナーコース,1
SD,ゲームデザイナーコース,1
SC,ゲームプログラマーコース,1
SL,CG映像クリエイターコース,1
KS,システムエンジニアコース,1
KN,ネットワークエンジニアコース,1
KW,Webエンジニアコース,1
MP,ゲームクリエイターコース(PG),2
MD,ゲームクリエイターコース(CG),2
MC,CGクリエイターコース,2
MA,アートディレクターコース,2
JT,テクニカルコース,2
JN,ネットワークシステムコース,4
BI,ITビジネスコース,4
BO,OAパソコンコース,4
GP,ゲームプログラムコース,4
GD,ゲームCGデザインコース,5
DW,Webデザインコース,5
DG,グラフィックデザインコース,5
DV,CG映像コース,5
DA,CGアニメーションコース,3
DM,マンガイラストコース,3
IS,ITシステムエンジニアコース,3
IN,ITネットワークエンジニアコース,3
